{
  "rmse_close": 1.2184925296446445,
  "mae_close": 0.8752309083938599,
  "r2_close": -0.14645636081695557,
  "n_train": 1366,
  "n_test": 342
}