{
  "rmse_close": 1.2382121262375714,
  "mae_close": 0.8930150866508484,
  "r2_close": -0.18386483192443848,
  "n_train": 1366,
  "n_test": 342
}