{
  "rmse_close": 0.01883157750880555,
  "mae_close": 0.01239616610109806,
  "r2_close": -0.019263625144958496,
  "n_train": 1382,
  "n_test": 346
}