{
  "rmse_close": 1.234739708439907,
  "mae_close": 0.8339943885803223,
  "r2_close": -0.11143982410430908,
  "n_train": 1366,
  "n_test": 342
}