{
  "rmse_close": 1.1494555469892669,
  "mae_close": 0.8596748113632202,
  "r2_close": -0.09669613838195801,
  "n_train": 1366,
  "n_test": 342
}