{
  "rmse_close": 1.1752974316362088,
  "mae_close": 0.8418152332305908,
  "r2_close": -0.08294069766998291,
  "n_train": 1366,
  "n_test": 342
}